DATA,LOJA,CATEGORIA,PRODUTO,VALOR VENDA,CONSULTOR
01/04/2025,CAST L,Acessório,Capa,"98,52",Vendedor 3
01/04/2025,MET Q,Caixa de Som,Kimaster,"498,30",Vendedor 3
01/04/2025,ABAETE L,Smartphone,Motorola,"2.078,21",Vendedor 3
01/04/2025,PARAUAPEBAS,Acessório,Smartwatch,"277,29",Vendedor 3
01/04/2025,CASTANHAL,Smartphone,OPPO,"1.938,89",Vendedor 4
01/04/2025,CASTANHAL,Smartphone,Honor,"2.043,45",Vendedor 2
01/04/2025,CIDADE NOVA,Smartphone,Positivo,"1.958,25",Vendedor 1
01/04/2025,ABAETE L,Smartphone,Honor,"2.031,14",Vendedor 1
01/04/2025,ABAETE L,Smartphone,Motorola,"1.231,05",Vendedor 2
01/04/2025,ABAETE Q,Caixa de Som,Philips,"606,46",Vendedor 5
01/04/2025,MET L,Smartphone,Positivo,"1.672,46",Vendedor 2
01/04/2025,MET L,Acessório,Fone,"383,46",Vendedor 3
02/04/2025,CASTANHAL,Caixa de Som,Sumay,"461,37",Vendedor 6
02/04/2025,CASTANHAL,Acessório,Capa,"156,36",Vendedor 6
02/04/2025,CASTANHAL,Caixa de Som,Aiwa,"649,32",Vendedor 5
02/04/2025,PARAUAPEBAS,Caixa de Som,Aiwa,"308,75",Vendedor 4
02/04/2025,MET L,Smartphone,Positivo,"1.825,13",Vendedor 4
02/04/2025,MET L,Smartphone,Realme,"1.208,34",Vendedor 6
02/04/2025,TERMINAL,Smartphone,Samsung,"3,500,00",Vendedor 1
02/04/2025,ABAETE L,Acessório,Capa,"378,76",Vendedor 3
02/04/2025,ABAETE Q,Smartphone,OPPO,"1.968,90",Vendedor 6
02/04/2025,TERMINAL,Smartphone,Motorola,"2.029,67",Vendedor 5
02/04/2025,CASTANHAL,Smartphone,Realme,"1.431,91",Vendedor 5
03/04/2025,CAST L,Acessório,Capa,"181,03",Vendedor 6
03/04/2025,PATIO 1,Acessório,Capa,"195,82",Vendedor 6
03/04/2025,CIDADE NOVA,Caixa de Som,Aiwa,"619,00",Vendedor 4
03/04/2025,PARAUAPEBAS,Caixa de Som,Amvox,"582,54",Vendedor 6
03/04/2025,PATIO 2,Acessório,Fone,"65,74",Vendedor 4
04/04/2025,MET L,Smartphone,Xiaomi,"1.739,79",Vendedor 6
04/04/2025,ABAETE L,Acessório,Capa,"379,64",Vendedor 2
04/04/2025,ABAETE Q,Caixa de Som,Kimaster,"258,50",Vendedor 1
04/04/2025,MET L,Smartphone,Honor,"1.662,63",Vendedor 3
04/04/2025,CASTANHAL,Smartphone,Positivo,"1.932,82",Vendedor 4
04/04/2025,CASTANHAL,Acessório,Película,"128,80",Vendedor 4
04/04/2025,CASTANHAL,Caixa de Som,Philips,"227,17",Vendedor 6
04/04/2025,PARAUAPEBAS,Outros,Cabo USB,"111,55",Vendedor 2
04/04/2025,PATIO 2,Caixa de Som,Kimaster,"755,73",Vendedor 3
05/04/2025,ABAETE Q,Caixa de Som,Sumay,"605,38",Vendedor 4
05/04/2025,CAST Q,Acessório,Capa,"329,46",Vendedor 4
05/04/2025,TERMINAL,Smartphone,Tecno,"2.384,91",Vendedor 4
05/04/2025,CIDADE NOVA,Smartphone,Realme,"1.507,30",Vendedor 6
05/04/2025,CAST Q,Acessório,Fone,"104,54",Vendedor 1
05/04/2025,MET Q,Smartphone,Positivo,"1.713,45",Vendedor 4
05/04/2025,MET Q,Caixa de Som,Sumay,"414,04",Vendedor 1
06/04/2025,CIDADE NOVA,Smartphone,Motorola,"1.876,41",Vendedor 5
06/04/2025,PARAUAPEBAS,Smartphone,Xiaomi,"2.148,01",Vendedor 3
06/04/2025,CASTANHAL,Acessório,Película,"278,91",Vendedor 5
06/04/2025,CIDADE NOVA,Smartphone,Xiaomi,"1.496,46",Vendedor 6
06/04/2025,MET L,Smartphone,Realme,"1.206,84",Vendedor 2
06/04/2025,MET L,Smartphone,Realme,"2.090,80",Vendedor 4
06/04/2025,TERMINAL,Smartphone,Xiaomi,"2.106,34",Vendedor 4
06/04/2025,PATIO 1,Caixa de Som,Kimaster,"153,46",Vendedor 4
06/04/2025,CIDADE NOVA,Smartphone,Positivo,"1.790,29",Vendedor 1
06/04/2025,TERMINAL,Acessório,Smartwatch,"230,94",Vendedor 2
06/04/2025,MET Q,Acessório,Smartwatch,"154,45",Vendedor 1
06/04/2025,PARAUAPEBAS,Smartphone,Realme,"1.908,42",Vendedor 4
06/04/2025,PATIO 1,Smartphone,Honor,"1.830,99",Vendedor 5
06/04/2025,MET L,Acessório,Capa,"357,57",Vendedor 3
07/04/2025,PATIO 2,Acessório,Smartwatch,"355,21",Vendedor 5
07/04/2025,TERMINAL,Acessório,Fone,"136,96",Vendedor 5
07/04/2025,CAST Q,Smartphone,Infinix,"1.666,70",Vendedor 5
07/04/2025,MET Q,Outros,Suporte Veicular,"190,99",Vendedor 4
07/04/2025,PATIO 2,Smartphone,Positivo,"2.177,00",Vendedor 2
07/04/2025,PATIO 1,Smartphone,Infinix,"1.932,73",Vendedor 2
07/04/2025,CASTANHAL,Outros,Carregador Turbo,"86,69",Vendedor 6
07/04/2025,MET Q,Smartphone,Positivo,"2.038,10",Vendedor 3
07/04/2025,TERMINAL,Acessório,Capa,"369,53",Vendedor 4
07/04/2025,CAST L,Acessório,Smartwatch,"119,10",Vendedor 1
07/04/2025,CIDADE NOVA,Acessório,Película,"270,86",Vendedor 6
08/04/2025,CAST L,Smartphone,Tecno,"1.903,32",Vendedor 3
08/04/2025,PARAUAPEBAS,Acessório,Capa,"320,95",Vendedor 2
08/04/2025,CAST L,Smartphone,OPPO,"1.085,50",Vendedor 5
08/04/2025,ABAETE L,Smartphone,Positivo,"1.739,45",Vendedor 5
08/04/2025,MET L,Acessório,Capa,"159,58",Vendedor 3
08/04/2025,ABAETE L,Smartphone,Tecno,"1.945,16",Vendedor 2
08/04/2025,CASTANHAL,Smartphone,Honor,"1.901,47",Vendedor 2
08/04/2025,CASTANHAL,Caixa de Som,Aiwa,"729,37",Vendedor 3
08/04/2025,PATIO 2,Smartphone,Infinix,"1.687,49",Vendedor 1
08/04/2025,TERMINAL,Smartphone,Tecno,"1.841,73",Vendedor 3
08/04/2025,ABAETE Q,Smartphone,Infinix,"1.420,65",Vendedor 6
08/04/2025,PATIO 2,Acessório,Smartwatch,"334,29",Vendedor 2
08/04/2025,MET L,Smartphone,Samsung,"1.663,19",Vendedor 2
09/04/2025,CAST Q,Smartphone,Honor,"1.818,13",Vendedor 6
09/04/2025,ABAETE L,Smartphone,Samsung,"1.791,86",Vendedor 3
09/04/2025,PATIO 1,Caixa de Som,Amvox,"234,71",Vendedor 5
09/04/2025,MET L,Smartphone,OPPO,"1.571,62",Vendedor 6
09/04/2025,PARAUAPEBAS,Smartphone,Motorola,"2.234,90",Vendedor 6
09/04/2025,TERMINAL,Acessório,Smartwatch,"350,00",Vendedor 1
09/04/2025,CASTANHAL,Smartphone,Positivo,"1.999,76",Vendedor 6
09/04/2025,ABAETE L,Smartphone,OPPO,"1.717,48",Vendedor 5
09/04/2025,PARAUAPEBAS,Caixa de Som,Sumay,"170,43",Vendedor 2
09/04/2025,CAST L,Smartphone,Tecno,"1.879,12",Vendedor 5
09/04/2025,CIDADE NOVA,Smartphone,OPPO,"1.999,88",Vendedor 2
10/04/2025,MET L,Caixa de Som,Philips,"610,47",Vendedor 5
10/04/2025,PATIO 2,Smartphone,Tecno,"1.457,29",Vendedor 6
10/04/2025,ABAETE L,Caixa de Som,Sumay,"531,43",Vendedor 2
10/04/2025,TERMINAL,Smartphone,Realme,"(237,346,00)",Vendedor 5
10/04/2025,CAST L,Outros,Cartão SD,"34,37",Vendedor 5
10/04/2025,CIDADE NOVA,Caixa de Som,Amvox,"233,38",Vendedor 2
10/04/2025,PATIO 2,Caixa de Som,Philips,"760,23",Vendedor 1
10/04/2025,ABAETE Q,Caixa de Som,Kimaster,"796,63",Vendedor 4
11/04/2025,ABAETE L,Caixa de Som,JBL,"662,27",Vendedor 6
11/04/2025,ABAETE Q,Smartphone,Motorola,"1.581,78",Vendedor 6
11/04/2025,PATIO 2,Acessório,Capa,"246,51",Vendedor 6
11/04/2025,MET L,Outros,Cabo USB,"101,63",Vendedor 6
11/04/2025,MET L,Smartphone,OPPO,"1.285,07",Vendedor 1
11/04/2025,TERMINAL,Caixa de Som,Aiwa,"250,74",Vendedor 5
11/04/2025,CAST Q,Smartphone,Infinix,"1.286,65",Vendedor 6
11/04/2025,CAST L,Smartphone,Samsung,"2.116,91",Vendedor 3
11/04/2025,PATIO 2,Smartphone,Samsung,"1.741,81",Vendedor 2
12/04/2025,ABAETE L,Smartphone,Positivo,"1.962,86",Vendedor 4
12/04/2025,CAST L,Smartphone,Infinix,"1.688,07",Vendedor 2
12/04/2025,CIDADE NOVA,Acessório,Fone,"94,93",Vendedor 1
12/04/2025,PARAUAPEBAS,Caixa de Som,Amvox,"680,34",Vendedor 5
12/04/2025,CIDADE NOVA,Smartphone,Infinix,"1.668,95",Vendedor 1
12/04/2025,MET L,Acessório,Fone,"259,36",Vendedor 2
12/04/2025,PATIO 1,Acessório,Fone,"248,28",Vendedor 5
12/04/2025,ABAETE L,Smartphone,Infinix,"1.799,52",Vendedor 1
12/04/2025,CASTANHAL,Smartphone,Honor,"1.431,98",Vendedor 2
12/04/2025,CAST Q,Smartphone,Motorola,"1.546,52",Vendedor 6
12/04/2025,CIDADE NOVA,Smartphone,Xiaomi,"2.086,87",Vendedor 6
12/04/2025,CASTANHAL,Smartphone,Positivo,"1.554,20",Vendedor 3
12/04/2025,ABAETE L,Smartphone,Xiaomi,"2.047,18",Vendedor 2
12/04/2025,CASTANHAL,Caixa de Som,Aiwa,"783,17",Vendedor 5
12/04/2025,PATIO 2,Acessório,Película,"128,07",Vendedor 2
12/04/2025,CAST L,Smartphone,Positivo,"1.749,86",Vendedor 2
13/04/2025,CAST L,Caixa de Som,Kimaster,"787,32",Vendedor 3
13/04/2025,CASTANHAL,Smartphone,Xiaomi,"1.915,01",Vendedor 6
13/04/2025,MET Q,Acessório,Película,"64,79",Vendedor 4
13/04/2025,CIDADE NOVA,Acessório,Fone,"200,72",Vendedor 3
13/04/2025,MET L,Outros,Suporte Veicular,"105,39",Vendedor 2
13/04/2025,MET Q,Acessório,Capa,"65,12",Vendedor 6
13/04/2025,PATIO 1,Smartphone,Positivo,"1.582,59",Vendedor 2
13/04/2025,MET L,Smartphone,Honor,"1.940,55",Vendedor 4
13/04/2025,PATIO 1,Smartphone,Xiaomi,"2.149,74",Vendedor 5
13/04/2025,MET Q,Caixa de Som,Sumay,"305,19",Vendedor 5
13/04/2025,TERMINAL,Caixa de Som,Kimaster,"260,91",Vendedor 4
13/04/2025,MET Q,Smartphone,Positivo,"2.010,47",Vendedor 2
13/04/2025,ABAETE L,Caixa de Som,Philips,"172,96",Vendedor 4
13/04/2025,MET Q,Acessório,Fone,"376,96",Vendedor 5
13/04/2025,MET Q,Smartphone,Motorola,"1.433,04",Vendedor 3
14/04/2025,ABAETE Q,Smartphone,Tecno,"1.790,65",Vendedor 6
14/04/2025,MET Q,Smartphone,OPPO,"1.429,69",Vendedor 2
14/04/2025,MET Q,Caixa de Som,Amvox,"171,46",Vendedor 5
14/04/2025,MET L,Smartphone,Motorola,"2.383,38",Vendedor 3
14/04/2025,PARAUAPEBAS,Smartphone,Infinix,"1.439,00",Vendedor 3
14/04/2025,MET L,Smartphone,Realme,"1.775,32",Vendedor 1
14/04/2025,MET L,Caixa de Som,Philips,"482,30",Vendedor 2
14/04/2025,CIDADE NOVA,Smartphone,Xiaomi,"953,38",Vendedor 3
14/04/2025,MET L,Smartphone,Motorola,"1.888,76",Vendedor 1
14/04/2025,TERMINAL,Smartphone,Samsung,"(27,636,00)",Vendedor 3
14/04/2025,CAST L,Smartphone,Honor,"1.797,78",Vendedor 4
14/04/2025,CASTANHAL,Smartphone,Positivo,"1.314,67",Vendedor 2
14/04/2025,ABAETE Q,Caixa de Som,Aiwa,"526,82",Vendedor 6
15/04/2025,CAST Q,Caixa de Som,JBL,"545,33",Vendedor 3
15/04/2025,MET L,Acessório,Capa,"300,26",Vendedor 3
15/04/2025,ABAETE Q,Smartphone,OPPO,"1.526,39",Vendedor 4
15/04/2025,PARAUAPEBAS,Smartphone,Xiaomi,"1.917,64",Vendedor 5
15/04/2025,MET L,Acessório,Smartwatch,"256,13",Vendedor 1
15/04/2025,ABAETE L,Acessório,Capa,"205,14",Vendedor 1
15/04/2025,MET Q,Smartphone,Samsung,"1.623,15",Vendedor 6
15/04/2025,CAST Q,Caixa de Som,Aiwa,"380,12",Vendedor 5
15/04/2025,CAST Q,Acessório,Capa,"279,66",Vendedor 5
15/04/2025,ABAETE Q,Caixa de Som,Amvox,"652,43",Vendedor 3
15/04/2025,CASTANHAL,Smartphone,Tecno,"1.538,85",Vendedor 3
16/04/2025,CAST Q,Acessório,Smartwatch,"104,29",Vendedor 4
16/04/2025,PATIO 2,Outros,Cabo USB,"196,93",Vendedor 6
16/04/2025,MET Q,Smartphone,Honor,"1.890,81",Vendedor 1
16/04/2025,ABAETE Q,Outros,Suporte Veicular,"167,67",Vendedor 3
16/04/2025,PATIO 2,Smartphone,Tecno,"1.672,54",Vendedor 2
16/04/2025,TERMINAL,Outros,Cabo USB,"93,20",Vendedor 4
16/04/2025,ABAETE L,Smartphone,Realme,"1.440,08",Vendedor 5
16/04/2025,ABAETE Q,Smartphone,OPPO,"1.689,50",Vendedor 6
16/04/2025,ABAETE Q,Smartphone,OPPO,"1.927,05",Vendedor 3
16/04/2025,CASTANHAL,Smartphone,Tecno,"1.901,53",Vendedor 6
16/04/2025,PATIO 2,Acessório,Fone,"226,79",Vendedor 1
16/04/2025,ABAETE L,Smartphone,OPPO,"1.684,01",Vendedor 3
16/04/2025,PATIO 2,Acessório,Smartwatch,"277,15",Vendedor 3
16/04/2025,CAST Q,Smartphone,Xiaomi,"1.801,01",Vendedor 1
17/04/2025,TERMINAL,Outros,Suporte Veicular,"202,00",Vendedor 5
17/04/2025,ABAETE L,Smartphone,Positivo,"2.067,34",Vendedor 4
17/04/2025,MET L,Smartphone,Infinix,"1.032,86",Vendedor 6
17/04/2025,CAST L,Smartphone,Motorola,"1.667,84",Vendedor 5
17/04/2025,CASTANHAL,Outros,Cartão SD,"193,88",Vendedor 2
17/04/2025,TERMINAL,Smartphone,OPPO,"29,830,00",Vendedor 4
17/04/2025,ABAETE Q,Acessório,Película,"103,68",Vendedor 4
17/04/2025,TERMINAL,Smartphone,Realme,"1.352,83",Vendedor 6
17/04/2025,PATIO 2,Caixa de Som,Sumay,"164,67",Vendedor 6
17/04/2025,PATIO 2,Smartphone,Motorola,"1.624,29",Vendedor 3
17/04/2025,CAST Q,Smartphone,Realme,"2.011,99",Vendedor 2
17/04/2025,CAST Q,Caixa de Som,Sumay,"613,72",Vendedor 5
17/04/2025,ABAETE Q,Acessório,Smartwatch,"330,28",Vendedor 6
17/04/2025,CAST Q,Smartphone,Realme,"1.754,63",Vendedor 6
18/04/2025,MET Q,Acessório,Fone,"246,78",Vendedor 3
18/04/2025,CAST Q,Acessório,Película,"99,77",Vendedor 6
18/04/2025,CASTANHAL,Acessório,Fone,"315,79",Vendedor 5
18/04/2025,ABAETE Q,Smartphone,OPPO,"1.789,96",Vendedor 2
18/04/2025,CAST L,Acessório,Smartwatch,"395,39",Vendedor 2
18/04/2025,PATIO 1,Smartphone,Infinix,"1.810,73",Vendedor 5
18/04/2025,ABAETE Q,Caixa de Som,Philips,"416,51",Vendedor 1
18/04/2025,PATIO 1,Acessório,Película,"156,64",Vendedor 2
19/04/2025,MET L,Smartphone,Motorola,"1.847,31",Vendedor 3
19/04/2025,MET Q,Smartphone,Honor,"1.993,34",Vendedor 5
19/04/2025,PARAUAPEBAS,Smartphone,OPPO,"1.959,61",Vendedor 2
19/04/2025,CASTANHAL,Smartphone,Infinix,"2.352,40",Vendedor 3
19/04/2025,PATIO 2,Caixa de Som,Kimaster,"336,27",Vendedor 2
20/04/2025,CAST L,Smartphone,Tecno,"1.872,79",Vendedor 5
20/04/2025,CASTANHAL,Caixa de Som,Aiwa,"430,89",Vendedor 1
20/04/2025,ABAETE L,Smartphone,Honor,"2.221,72",Vendedor 6
20/04/2025,PATIO 1,Caixa de Som,Amvox,"420,14",Vendedor 5
20/04/2025,PARAUAPEBAS,Caixa de Som,Amvox,"619,63",Vendedor 5
20/04/2025,CAST Q,Smartphone,Infinix,"1.451,39",Vendedor 6
20/04/2025,TERMINAL,Caixa de Som,Aiwa,"775,81",Vendedor 4
20/04/2025,MET L,Acessório,Capa,"291,35",Vendedor 5
20/04/2025,MET L,Caixa de Som,Kimaster,"294,67",Vendedor 2
21/04/2025,CAST L,Smartphone,OPPO,"1.564,06",Vendedor 4
21/04/2025,CAST Q,Smartphone,Tecno,"1.203,21",Vendedor 2
21/04/2025,CASTANHAL,Smartphone,Tecno,"1.653,08",Vendedor 2
21/04/2025,CIDADE NOVA,Smartphone,Positivo,"2.139,30",Vendedor 2
21/04/2025,MET L,Smartphone,Xiaomi,"1.384,99",Vendedor 1
21/04/2025,MET L,Smartphone,Realme,"1.430,39",Vendedor 1
21/04/2025,CIDADE NOVA,Acessório,Capa,"276,05",Vendedor 1
21/04/2025,CASTANHAL,Acessório,Smartwatch,"173,54",Vendedor 5
21/04/2025,CAST Q,Smartphone,Samsung,"1.929,58",Vendedor 6
21/04/2025,PARAUAPEBAS,Smartphone,Motorola,"1.689,28",Vendedor 5
21/04/2025,TERMINAL,Smartphone,Infinix,"75,393,00",Vendedor 2
21/04/2025,ABAETE L,Caixa de Som,Philips,"410,14",Vendedor 6
21/04/2025,MET L,Caixa de Som,JBL,"160,96",Vendedor 3
21/04/2025,CAST L,Smartphone,Realme,"1.234,04",Vendedor 6
22/04/2025,MET L,Smartphone,OPPO,"1.854,83",Vendedor 1
22/04/2025,CAST Q,Smartphone,Motorola,"1.545,88",Vendedor 5
22/04/2025,CAST L,Acessório,Película,"340,70",Vendedor 4
22/04/2025,PARAUAPEBAS,Smartphone,Samsung,"2.077,44",Vendedor 2
22/04/2025,PATIO 2,Acessório,Smartwatch,"254,95",Vendedor 6
22/04/2025,ABAETE Q,Smartphone,OPPO,"1.357,14",Vendedor 2
22/04/2025,MET Q,Smartphone,Realme,"1.587,02",Vendedor 4
23/04/2025,PATIO 2,Smartphone,Motorola,"1.765,03",Vendedor 5
23/04/2025,PATIO 1,Acessório,Capa,"87,47",Vendedor 2
23/04/2025,CASTANHAL,Acessório,Película,"130,78",Vendedor 6
23/04/2025,MET Q,Caixa de Som,Amvox,"501,61",Vendedor 3
23/04/2025,CASTANHAL,Smartphone,Xiaomi,"1.484,93",Vendedor 5
23/04/2025,PATIO 2,Smartphone,OPPO,"1.673,51",Vendedor 4
23/04/2025,MET Q,Smartphone,Tecno,"1.729,23",Vendedor 1
23/04/2025,CIDADE NOVA,Caixa de Som,Philips,"187,99",Vendedor 2
23/04/2025,PARAUAPEBAS,Acessório,Fone,"234,43",Vendedor 2
24/04/2025,MET Q,Outros,Cartão SD,"169,52",Vendedor 4
24/04/2025,CAST L,Smartphone,Tecno,"2.219,99",Vendedor 3
24/04/2025,PARAUAPEBAS,Caixa de Som,JBL,"409,23",Vendedor 3
24/04/2025,CASTANHAL,Acessório,Capa,"305,68",Vendedor 6
24/04/2025,CIDADE NOVA,Acessório,Película,"359,93",Vendedor 2
24/04/2025,PARAUAPEBAS,Smartphone,Tecno,"1.898,85",Vendedor 1
24/04/2025,CASTANHAL,Smartphone,Infinix,"2.116,68",Vendedor 6
24/04/2025,PATIO 2,Acessório,Fone,"58,83",Vendedor 5
24/04/2025,MET Q,Smartphone,Tecno,"1.754,12",Vendedor 6
24/04/2025,CAST Q,Smartphone,Tecno,"1.724,32",Vendedor 1
24/04/2025,PATIO 2,Outros,Carregador Turbo,"96,24",Vendedor 3
25/04/2025,CASTANHAL,Smartphone,Tecno,"1.959,28",Vendedor 5
25/04/2025,PATIO 1,Smartphone,OPPO,"2.048,90",Vendedor 1
25/04/2025,ABAETE Q,Smartphone,Honor,"1.874,64",Vendedor 4
25/04/2025,CAST Q,Smartphone,Samsung,"1.857,03",Vendedor 2
25/04/2025,ABAETE L,Acessório,Capa,"220,83",Vendedor 4
25/04/2025,PARAUAPEBAS,Acessório,Película,"83,02",Vendedor 6
25/04/2025,TERMINAL,Caixa de Som,Aiwa,"255,15",Vendedor 4
25/04/2025,CAST L,Acessório,Película,"295,37",Vendedor 4
25/04/2025,CAST L,Smartphone,Realme,"1.629,83",Vendedor 2
25/04/2025,ABAETE L,Outros,Cartão SD,"94,14",Vendedor 1
25/04/2025,PATIO 2,Smartphone,Xiaomi,"1.714,11",Vendedor 4
25/04/2025,ABAETE L,Caixa de Som,Amvox,"203,54",Vendedor 1
25/04/2025,PATIO 1,Smartphone,Tecno,"2.041,12",Vendedor 2
25/04/2025,ABAETE Q,Caixa de Som,Philips,"189,51",Vendedor 5
25/04/2025,CAST Q,Acessório,Película,"345,13",Vendedor 5
25/04/2025,ABAETE L,Smartphone,Xiaomi,"1.820,72",Vendedor 1
25/04/2025,ABAETE Q,Smartphone,Honor,"1.867,04",Vendedor 6
25/04/2025,CASTANHAL,Smartphone,Honor,"1.258,86",Vendedor 1
26/04/2025,PATIO 2,Smartphone,Honor,"1.857,66",Vendedor 4
26/04/2025,CAST Q,Acessório,Smartwatch,"237,25",Vendedor 6
26/04/2025,PARAUAPEBAS,Smartphone,Samsung,"1.858,85",Vendedor 4
26/04/2025,PATIO 2,Caixa de Som,Philips,"205,42",Vendedor 3
26/04/2025,PATIO 1,Smartphone,OPPO,"1.385,98",Vendedor 6
26/04/2025,CAST L,Acessório,Smartwatch,"146,34",Vendedor 1
26/04/2025,CAST L,Smartphone,Tecno,"1.735,01",Vendedor 4
26/04/2025,CAST L,Smartphone,Motorola,"1.992,88",Vendedor 6
26/04/2025,CIDADE NOVA,Acessório,Fone,"211,64",Vendedor 1
26/04/2025,MET Q,Acessório,Fone,"219,40",Vendedor 4
26/04/2025,MET Q,Smartphone,Samsung,"1.303,14",Vendedor 4
26/04/2025,MET Q,Smartphone,Tecno,"1.496,48",Vendedor 4
26/04/2025,CIDADE NOVA,Smartphone,OPPO,"1.742,38",Vendedor 2
27/04/2025,PATIO 2,Smartphone,Xiaomi,"1.673,51",Vendedor 6
27/04/2025,MET L,Smartphone,Positivo,"2.416,76",Vendedor 1
27/04/2025,ABAETE L,Caixa de Som,Philips,"420,37",Vendedor 1
27/04/2025,MET Q,Smartphone,Honor,"1.722,30",Vendedor 6
27/04/2025,ABAETE L,Caixa de Som,Amvox,"686,93",Vendedor 6
27/04/2025,ABAETE L,Smartphone,Realme,"1.440,85",Vendedor 1
27/04/2025,ABAETE Q,Smartphone,Xiaomi,"1.799,16",Vendedor 1
27/04/2025,ABAETE Q,Smartphone,Positivo,"1.545,58",Vendedor 4
27/04/2025,CAST Q,Caixa de Som,Aiwa,"796,22",Vendedor 3
27/04/2025,PATIO 2,Outros,Cabo USB,"186,02",Vendedor 2
28/04/2025,ABAETE L,Caixa de Som,Kimaster,"360,05",Vendedor 2
28/04/2025,CAST Q,Caixa de Som,Kimaster,"794,32",Vendedor 5
28/04/2025,TERMINAL,Smartphone,Infinix,"1.724,19",Vendedor 5
28/04/2025,CIDADE NOVA,Caixa de Som,Aiwa,"349,98",Vendedor 2
28/04/2025,ABAETE Q,Acessório,Smartwatch,"240,59",Vendedor 5
28/04/2025,CIDADE NOVA,Acessório,Capa,"314,39",Vendedor 1
28/04/2025,ABAETE L,Smartphone,Positivo,"2.040,67",Vendedor 1
28/04/2025,CASTANHAL,Smartphone,OPPO,"1.721,78",Vendedor 1
28/04/2025,CIDADE NOVA,Caixa de Som,Kimaster,"333,90",Vendedor 6
28/04/2025,ABAETE L,Smartphone,Infinix,"1.192,09",Vendedor 2
29/04/2025,PATIO 2,Acessório,Película,"399,95",Vendedor 5
29/04/2025,TERMINAL,Smartphone,Honor,"1.424,32",Vendedor 4
29/04/2025,TERMINAL,Acessório,Fone,"113,44",Vendedor 3
29/04/2025,MET L,Caixa de Som,Philips,"199,54",Vendedor 3
29/04/2025,CAST Q,Smartphone,Realme,"1.948,41",Vendedor 2
29/04/2025,ABAETE L,Acessório,Capa,"59,60",Vendedor 1
29/04/2025,CIDADE NOVA,Outros,Carregador Turbo,"200,98",Vendedor 3
29/04/2025,PATIO 2,Acessório,Película,"345,98",Vendedor 6
30/04/2025,MET L,Smartphone,OPPO,"968,88",Vendedor 5
30/04/2025,CASTANHAL,Smartphone,Motorola,"1.909,41",Vendedor 3
30/04/2025,MET L,Smartphone,Honor,"1.543,66",Vendedor 6
30/04/2025,CAST L,Caixa de Som,Amvox,"530,82",Vendedor 4
30/04/2025,PATIO 2,Acessório,Fone,"64,34",Vendedor 4
30/04/2025,ABAETE Q,Caixa de Som,Aiwa,"192,73",Vendedor 5
30/04/2025,TERMINAL,Outros,Cabo USB,"184,88",Vendedor 2
30/04/2025,MET Q,Smartphone,Motorola,"1.427,02",Vendedor 6
30/04/2025,PATIO 1,Smartphone,OPPO,"1.159,00",Vendedor 5
30/04/2025,PATIO 1,Smartphone,Infinix,"2.222,24",Vendedor 1
30/04/2025,TERMINAL,Smartphone,OPPO,"1.647,53",Vendedor 3
30/04/2025,MET Q,Smartphone,Tecno,"1.795,41",Vendedor 1
30/04/2025,PATIO 1,Smartphone,Realme,"1.611,00",Vendedor 6
30/04/2025,PATIO 1,Caixa de Som,Aiwa,"219,56",Vendedor 2
01/05/2025,TERMINAL,Smartphone,Tecno,"1.653,25",Vendedor 3
01/05/2025,CAST L,Acessório,Smartwatch,"99,92",Vendedor 4
01/05/2025,CASTANHAL,Smartphone,Xiaomi,"1.206,84",Vendedor 5
01/05/2025,ABAETE Q,Acessório,Fone,"348,17",Vendedor 4
01/05/2025,MET L,Smartphone,Realme,"1.919,11",Vendedor 3
01/05/2025,TERMINAL,Acessório,Fone,"61,69",Vendedor 3
01/05/2025,MET L,Caixa de Som,Amvox,"221,11",Vendedor 3
01/05/2025,CAST L,Smartphone,Samsung,"2.033,59",Vendedor 4
01/05/2025,PATIO 2,Smartphone,Infinix,"1.740,47",Vendedor 6
01/05/2025,PATIO 2,Smartphone,Samsung,"2.107,95",Vendedor 5
01/05/2025,ABAETE L,Smartphone,Positivo,"1.797,98",Vendedor 1
01/05/2025,CAST L,Smartphone,OPPO,"2.089,19",Vendedor 3
02/05/2025,PATIO 1,Smartphone,Motorola,"1.894,92",Vendedor 6
02/05/2025,MET Q,Caixa de Som,Philips,"607,26",Vendedor 2
02/05/2025,CAST L,Caixa de Som,Aiwa,"477,73",Vendedor 3
02/05/2025,CASTANHAL,Smartphone,Samsung,"1.814,96",Vendedor 1
02/05/2025,CAST Q,Acessório,Película,"188,03",Vendedor 5
02/05/2025,CAST L,Acessório,Película,"53,26",Vendedor 5
02/05/2025,CAST L,Outros,Cartão SD,"214,30",Vendedor 6
02/05/2025,PATIO 1,Smartphone,Samsung,"1.820,37",Vendedor 1
02/05/2025,PARAUAPEBAS,Smartphone,Realme,"1.528,79",Vendedor 6
02/05/2025,ABAETE L,Outros,Cabo USB,"70,63",Vendedor 2
02/05/2025,MET L,Caixa de Som,Kimaster,"567,73",Vendedor 5
02/05/2025,MET L,Smartphone,Motorola,"1.654,12",Vendedor 6
02/05/2025,PATIO 2,Smartphone,Xiaomi,"1.749,38",Vendedor 3
03/05/2025,CIDADE NOVA,Acessório,Película,"290,85",Vendedor 2
03/05/2025,PATIO 1,Smartphone,Motorola,"2.087,67",Vendedor 2
03/05/2025,TERMINAL,Smartphone,Motorola,"1,351,85",Vendedor 1
03/05/2025,CIDADE NOVA,Smartphone,Samsung,"2.214,14",Vendedor 1
03/05/2025,CAST Q,Smartphone,Honor,"2.117,14",Vendedor 1
03/05/2025,MET L,Smartphone,Xiaomi,"1.629,16",Vendedor 5
03/05/2025,MET Q,Acessório,Fone,"327,65",Vendedor 5
03/05/2025,CAST Q,Smartphone,Tecno,"1.787,02",Vendedor 4
03/05/2025,CAST Q,Smartphone,Samsung,"1.313,55",Vendedor 4
03/05/2025,CASTANHAL,Caixa de Som,JBL,"241,40",Vendedor 1
03/05/2025,CAST L,Smartphone,Xiaomi,"2.288,13",Vendedor 3
03/05/2025,CAST L,Caixa de Som,Aiwa,"677,89",Vendedor 1
04/05/2025,MET L,Acessório,Smartwatch,"247,33",Vendedor 4
04/05/2025,TERMINAL,Smartphone,Motorola,"1.915,13",Vendedor 4
04/05/2025,MET L,Smartphone,Motorola,"1.762,42",Vendedor 5
04/05/2025,CAST Q,Smartphone,Xiaomi,"1.567,67",Vendedor 4
04/05/2025,CIDADE NOVA,Smartphone,Positivo,"1.775,88",Vendedor 1
04/05/2025,CASTANHAL,Acessório,Capa,"248,71",Vendedor 4
04/05/2025,PATIO 2,Acessório,Película,"198,38",Vendedor 5
04/05/2025,ABAETE L,Smartphone,Samsung,"1.736,08",Vendedor 1
05/05/2025,ABAETE Q,Outros,Carregador Turbo,"137,79",Vendedor 2
05/05/2025,MET Q,Caixa de Som,Sumay,"584,50",Vendedor 2
05/05/2025,MET Q,Smartphone,Xiaomi,"1.813,26",Vendedor 3
05/05/2025,CAST Q,Smartphone,Xiaomi,"1.909,95",Vendedor 3
05/05/2025,ABAETE Q,Smartphone,Infinix,"2.032,01",Vendedor 6
05/05/2025,CAST Q,Acessório,Fone,"105,98",Vendedor 5
05/05/2025,PARAUAPEBAS,Smartphone,Samsung,"1.638,16",Vendedor 6
05/05/2025,TERMINAL,Outros,Carregador Turbo,"75,67",Vendedor 3
05/05/2025,ABAETE Q,Smartphone,Honor,"1.469,05",Vendedor 1
05/05/2025,ABAETE Q,Caixa de Som,Aiwa,"157,26",Vendedor 4
05/05/2025,TERMINAL,Smartphone,Honor,"1.584,85",Vendedor 3
06/05/2025,CIDADE NOVA,Smartphone,Tecno,"1.363,51",Vendedor 2
06/05/2025,CAST L,Caixa de Som,Kimaster,"763,92",Vendedor 2
06/05/2025,CAST L,Smartphone,Infinix,"2.001,07",Vendedor 6
06/05/2025,TERMINAL,Outros,Cabo USB,"69,70",Vendedor 1
06/05/2025,MET Q,Smartphone,Infinix,"2.787,63",Vendedor 5
06/05/2025,ABAETE Q,Smartphone,Motorola,"1.758,66",Vendedor 4
06/05/2025,CASTANHAL,Acessório,Capa,"250,40",Vendedor 5
06/05/2025,CASTANHAL,Smartphone,Tecno,"1.610,99",Vendedor 5
06/05/2025,PATIO 1,Smartphone,Samsung,"1.181,93",Vendedor 3
06/05/2025,CAST Q,Smartphone,Motorola,"1.608,38",Vendedor 1
06/05/2025,PATIO 1,Smartphone,Positivo,"1.531,78",Vendedor 5
06/05/2025,ABAETE Q,Acessório,Película,"249,73",Vendedor 6
06/05/2025,MET L,Acessório,Capa,"335,18",Vendedor 2
06/05/2025,CAST Q,Caixa de Som,Aiwa,"392,02",Vendedor 2
06/05/2025,ABAETE L,Acessório,Smartwatch,"58,42",Vendedor 3
07/05/2025,CAST L,Outros,Carregador Turbo,"126,81",Vendedor 1
07/05/2025,PATIO 1,Smartphone,Positivo,"1.492,99",Vendedor 1
07/05/2025,PATIO 1,Smartphone,Realme,"1.419,95",Vendedor 2
07/05/2025,PARAUAPEBAS,Smartphone,Honor,"1.586,36",Vendedor 2
07/05/2025,MET L,Smartphone,Positivo,"1.992,20",Vendedor 1
07/05/2025,ABAETE Q,Acessório,Fone,"287,10",Vendedor 2
07/05/2025,TERMINAL,Caixa de Som,JBL,"154,55",Vendedor 4
07/05/2025,ABAETE L,Smartphone,Motorola,"1.847,83",Vendedor 1
07/05/2025,ABAETE Q,Outros,Carregador Turbo,"86,98",Vendedor 3
07/05/2025,CAST L,Acessório,Fone,"218,42",Vendedor 3
08/05/2025,PATIO 1,Caixa de Som,Sumay,"371,11",Vendedor 3
08/05/2025,MET L,Smartphone,OPPO,"2.052,73",Vendedor 6
08/05/2025,MET Q,Acessório,Fone,"303,91",Vendedor 6
08/05/2025,PARAUAPEBAS,Acessório,Smartwatch,"377,06",Vendedor 5
08/05/2025,MET L,Smartphone,Samsung,"1.976,20",Vendedor 5
08/05/2025,MET Q,Acessório,Película,"219,51",Vendedor 1
08/05/2025,CAST L,Smartphone,Motorola,"1.816,72",Vendedor 6
08/05/2025,CAST L,Smartphone,Xiaomi,"1.512,33",Vendedor 5
08/05/2025,MET Q,Caixa de Som,Aiwa,"208,53",Vendedor 1
08/05/2025,ABAETE Q,Smartphone,Tecno,"1.059,19",Vendedor 4
08/05/2025,CIDADE NOVA,Smartphone,Xiaomi,"1.666,84",Vendedor 3
08/05/2025,ABAETE L,Smartphone,Motorola,"2.220,82",Vendedor 4
08/05/2025,MET L,Smartphone,OPPO,"1.572,87",Vendedor 2
09/05/2025,CAST L,Smartphone,Xiaomi,"2.300,83",Vendedor 1
09/05/2025,TERMINAL,Acessório,Smartwatch,"316,24",Vendedor 4
09/05/2025,MET L,Caixa de Som,Amvox,"305,35",Vendedor 4
09/05/2025,CIDADE NOVA,Smartphone,Infinix,"1.975,17",Vendedor 2
09/05/2025,PATIO 2,Acessório,Película,"138,72",Vendedor 1
09/05/2025,ABAETE Q,Caixa de Som,Kimaster,"399,37",Vendedor 6
09/05/2025,ABAETE L,Acessório,Película,"61,27",Vendedor 3
09/05/2025,PARAUAPEBAS,Smartphone,Samsung,"1.395,41",Vendedor 6
10/05/2025,TERMINAL,Smartphone,OPPO,"2.269,55",Vendedor 4
10/05/2025,CAST Q,Caixa de Som,Sumay,"243,87",Vendedor 5
10/05/2025,PARAUAPEBAS,Smartphone,Xiaomi,"1.893,24",Vendedor 4
10/05/2025,TERMINAL,Acessório,Capa,"241,63",Vendedor 3
10/05/2025,PATIO 2,Smartphone,OPPO,"2.019,47",Vendedor 6
10/05/2025,PARAUAPEBAS,Acessório,Smartwatch,"305,99",Vendedor 6
10/05/2025,TERMINAL,Acessório,Capa,"339,09",Vendedor 6
10/05/2025,ABAETE Q,Smartphone,Xiaomi,"2.216,66",Vendedor 1
10/05/2025,MET Q,Smartphone,Infinix,"2.003,27",Vendedor 1
11/05/2025,CAST Q,Caixa de Som,Philips,"670,01",Vendedor 5
11/05/2025,PATIO 2,Smartphone,Samsung,"1.589,55",Vendedor 2
11/05/2025,MET L,Smartphone,OPPO,"1.221,91",Vendedor 4
11/05/2025,ABAETE Q,Outros,Cabo USB,"163,10",Vendedor 5
11/05/2025,PATIO 2,Acessório,Fone,"306,07",Vendedor 5
11/05/2025,ABAETE L,Smartphone,Samsung,"1.824,33",Vendedor 4
11/05/2025,CIDADE NOVA,Acessório,Fone,"270,28",Vendedor 1
11/05/2025,PATIO 2,Acessório,Fone,"195,60",Vendedor 2
11/05/2025,ABAETE Q,Acessório,Fone,"265,16",Vendedor 2
11/05/2025,MET Q,Caixa de Som,Sumay,"555,76",Vendedor 3
12/05/2025,PARAUAPEBAS,Smartphone,Positivo,"1.850,61",Vendedor 1
12/05/2025,TERMINAL,Smartphone,Xiaomi,"73,385,00",Vendedor 5
12/05/2025,PARAUAPEBAS,Caixa de Som,Amvox,"751,44",Vendedor 3
12/05/2025,CASTANHAL,Smartphone,Positivo,"1.646,65",Vendedor 1
13/05/2025,ABAETE Q,Smartphone,OPPO,"1.582,00",Vendedor 1
13/05/2025,MET Q,Acessório,Smartwatch,"63,46",Vendedor 4
13/05/2025,MET L,Smartphone,Xiaomi,"1.581,71",Vendedor 2
13/05/2025,PATIO 1,Acessório,Smartwatch,"327,21",Vendedor 3
13/05/2025,CASTANHAL,Smartphone,Positivo,"1.740,17",Vendedor 1
13/05/2025,ABAETE Q,Smartphone,Xiaomi,"1.593,40",Vendedor 3
13/05/2025,CIDADE NOVA,Smartphone,Tecno,"1.692,68",Vendedor 4
13/05/2025,ABAETE L,Smartphone,Realme,"1.562,34",Vendedor 6
13/05/2025,CIDADE NOVA,Smartphone,Motorola,"1.679,58",Vendedor 2
13/05/2025,ABAETE L,Smartphone,Xiaomi,"2.347,73",Vendedor 4
13/05/2025,CIDADE NOVA,Acessório,Capa,"319,76",Vendedor 3
13/05/2025,MET Q,Smartphone,Xiaomi,"1.479,56",Vendedor 3
13/05/2025,MET Q,Smartphone,Honor,"1.421,17",Vendedor 1
14/05/2025,TERMINAL,Smartphone,Infinix,"3,397,45",Vendedor 2
14/05/2025,ABAETE Q,Acessório,Capa,"119,82",Vendedor 3
14/05/2025,CAST L,Acessório,Capa,"73,70",Vendedor 3
14/05/2025,CASTANHAL,Caixa de Som,Amvox,"272,48",Vendedor 4
14/05/2025,MET L,Acessório,Smartwatch,"365,82",Vendedor 6
14/05/2025,MET Q,Smartphone,Motorola,"2.111,58",Vendedor 3
14/05/2025,ABAETE Q,Smartphone,Realme,"1.908,69",Vendedor 4
14/05/2025,CASTANHAL,Caixa de Som,Amvox,"556,51",Vendedor 1
14/05/2025,PARAUAPEBAS,Acessório,Smartwatch,"391,93",Vendedor 4
14/05/2025,CAST Q,Smartphone,OPPO,"1.954,49",Vendedor 1
14/05/2025,CASTANHAL,Outros,Cartão SD,"204,37",Vendedor 2
14/05/2025,PATIO 1,Acessório,Fone,"356,04",Vendedor 4
14/05/2025,ABAETE Q,Smartphone,Motorola,"1.468,65",Vendedor 2
14/05/2025,TERMINAL,Smartphone,Honor,"1,906,27",Vendedor 1
14/05/2025,CAST Q,Acessório,Película,"192,00",Vendedor 5
14/05/2025,PATIO 1,Caixa de Som,JBL,"587,99",Vendedor 1
15/05/2025,ABAETE Q,Caixa de Som,Philips,"492,95",Vendedor 6
15/05/2025,PATIO 2,Smartphone,Positivo,"2.080,07",Vendedor 2
15/05/2025,PARAUAPEBAS,Smartphone,Tecno,"1.319,81",Vendedor 6
15/05/2025,CIDADE NOVA,Acessório,Smartwatch,"370,99",Vendedor 3
15/05/2025,PATIO 1,Acessório,Fone,"119,57",Vendedor 4
15/05/2025,CIDADE NOVA,Caixa de Som,Amvox,"526,68",Vendedor 5
15/05/2025,PARAUAPEBAS,Smartphone,Realme,"1.689,56",Vendedor 4
15/05/2025,MET Q,Smartphone,Infinix,"1.675,93",Vendedor 4
15/05/2025,ABAETE L,Smartphone,Samsung,"2.165,15",Vendedor 1
15/05/2025,PARAUAPEBAS,Smartphone,Honor,"974,39",Vendedor 1
15/05/2025,CASTANHAL,Smartphone,Motorola,"1.852,36",Vendedor 6
16/05/2025,CIDADE NOVA,Smartphone,Positivo,"2.180,93",Vendedor 1
16/05/2025,CAST Q,Smartphone,Xiaomi,"1.566,87",Vendedor 2
16/05/2025,PATIO 1,Smartphone,Xiaomi,"2.456,22",Vendedor 5
16/05/2025,ABAETE L,Smartphone,Honor,"1.409,62",Vendedor 3
16/05/2025,TERMINAL,Smartphone,Honor,"2,197,88",Vendedor 1
16/05/2025,CIDADE NOVA,Smartphone,Xiaomi,"2.023,10",Vendedor 4
16/05/2025,PARAUAPEBAS,Smartphone,Tecno,"1.956,19",Vendedor 4
16/05/2025,PARAUAPEBAS,Smartphone,OPPO,"1.189,52",Vendedor 2
16/05/2025,ABAETE Q,Acessório,Fone,"281,47",Vendedor 3
16/05/2025,CASTANHAL,Outros,Suporte Veicular,"198,99",Vendedor 2
16/05/2025,PARAUAPEBAS,Caixa de Som,JBL,"458,00",Vendedor 5
16/05/2025,MET L,Smartphone,Tecno,"1.784,23",Vendedor 6
16/05/2025,PATIO 1,Caixa de Som,Amvox,"518,67",Vendedor 4
16/05/2025,CASTANHAL,Caixa de Som,Kimaster,"602,87",Vendedor 3
16/05/2025,PARAUAPEBAS,Smartphone,Motorola,"2.253,35",Vendedor 6
17/05/2025,CASTANHAL,Acessório,Capa,"190,11",Vendedor 5
17/05/2025,CAST Q,Caixa de Som,Philips,"658,16",Vendedor 1
17/05/2025,CAST L,Smartphone,Motorola,"1.293,54",Vendedor 1
17/05/2025,ABAETE Q,Caixa de Som,Aiwa,"437,12",Vendedor 5
17/05/2025,ABAETE L,Caixa de Som,Aiwa,"495,68",Vendedor 3
17/05/2025,CIDADE NOVA,Smartphone,Xiaomi,"1.551,45",Vendedor 1
17/05/2025,PATIO 1,Smartphone,Tecno,"1.829,61",Vendedor 5
17/05/2025,CAST L,Acessório,Smartwatch,"109,53",Vendedor 6
17/05/2025,CIDADE NOVA,Outros,Carregador Turbo,"108,58",Vendedor 6
17/05/2025,ABAETE Q,Acessório,Smartwatch,"66,28",Vendedor 5
17/05/2025,PATIO 2,Caixa de Som,Kimaster,"352,39",Vendedor 1
17/05/2025,CAST Q,Smartphone,Samsung,"1.732,53",Vendedor 2
17/05/2025,TERMINAL,Smartphone,Realme,"1.329,26",Vendedor 5
17/05/2025,CASTANHAL,Smartphone,Samsung,"1.642,38",Vendedor 5
17/05/2025,PATIO 2,Smartphone,OPPO,"1.687,53",Vendedor 5
17/05/2025,CIDADE NOVA,Acessório,Capa,"296,02",Vendedor 3
17/05/2025,CIDADE NOVA,Acessório,Fone,"151,12",Vendedor 1
17/05/2025,CAST Q,Smartphone,Positivo,"1.637,86",Vendedor 2
17/05/2025,MET Q,Caixa de Som,Philips,"635,41",Vendedor 3
18/05/2025,MET Q,Acessório,Película,"175,97",Vendedor 3
18/05/2025,TERMINAL,Smartphone,Motorola,"1,883,15",Vendedor 1
18/05/2025,TERMINAL,Acessório,Smartwatch,"291,10",Vendedor 4
18/05/2025,ABAETE L,Smartphone,Honor,"1.840,68",Vendedor 1
18/05/2025,PATIO 2,Caixa de Som,JBL,"661,57",Vendedor 1
18/05/2025,CASTANHAL,Smartphone,OPPO,"1.457,26",Vendedor 2
18/05/2025,MET L,Acessório,Capa,"176,23",Vendedor 6
18/05/2025,TERMINAL,Smartphone,Realme,"1.548,93",Vendedor 6
19/05/2025,ABAETE Q,Acessório,Película,"135,60",Vendedor 6
19/05/2025,PATIO 1,Acessório,Fone,"265,40",Vendedor 4
19/05/2025,ABAETE Q,Caixa de Som,Sumay,"336,26",Vendedor 6
19/05/2025,PARAUAPEBAS,Smartphone,Realme,"1.548,78",Vendedor 5
19/05/2025,MET Q,Smartphone,Tecno,"2.289,87",Vendedor 4
19/05/2025,MET L,Smartphone,Infinix,"1.501,05",Vendedor 6
19/05/2025,MET Q,Caixa de Som,JBL,"359,97",Vendedor 6
19/05/2025,CAST Q,Caixa de Som,Kimaster,"477,03",Vendedor 2
20/05/2025,CAST Q,Smartphone,Xiaomi,"1.703,85",Vendedor 1
20/05/2025,CAST Q,Smartphone,Positivo,"1.115,04",Vendedor 3
20/05/2025,ABAETE L,Caixa de Som,JBL,"651,98",Vendedor 5
20/05/2025,TERMINAL,Caixa de Som,Amvox,"768,01",Vendedor 2
20/05/2025,PATIO 2,Smartphone,Tecno,"2.044,50",Vendedor 3
20/05/2025,ABAETE Q,Smartphone,Motorola,"2.055,38",Vendedor 6
20/05/2025,PATIO 2,Caixa de Som,JBL,"796,87",Vendedor 4
20/05/2025,CAST Q,Smartphone,Positivo,"1.259,27",Vendedor 6
20/05/2025,TERMINAL,Smartphone,Tecno,"1.871,39",Vendedor 2
20/05/2025,CAST L,Caixa de Som,Amvox,"686,69",Vendedor 1
20/05/2025,ABAETE Q,Outros,Cartão SD,"194,60",Vendedor 4
20/05/2025,CASTANHAL,Smartphone,OPPO,"1.698,65",Vendedor 6
20/05/2025,CAST Q,Caixa de Som,Amvox,"202,47",Vendedor 2
20/05/2025,CIDADE NOVA,Acessório,Película,"145,40",Vendedor 2
21/05/2025,MET L,Acessório,Película,"293,80",Vendedor 5
21/05/2025,CAST L,Smartphone,Xiaomi,"2.267,81",Vendedor 1
21/05/2025,CAST L,Smartphone,Xiaomi,"1.538,21",Vendedor 4
21/05/2025,TERMINAL,Smartphone,Positivo,"4,874,99",Vendedor 1
21/05/2025,PATIO 2,Acessório,Película,"198,66",Vendedor 2
21/05/2025,PATIO 1,Outros,Suporte Veicular,"127,59",Vendedor 1
21/05/2025,PATIO 1,Caixa de Som,Sumay,"242,27",Vendedor 5
21/05/2025,CIDADE NOVA,Caixa de Som,Amvox,"617,64",Vendedor 5
22/05/2025,MET L,Smartphone,OPPO,"1.715,19",Vendedor 6
22/05/2025,ABAETE Q,Smartphone,Realme,"1.595,61",Vendedor 1
22/05/2025,TERMINAL,Caixa de Som,Aiwa,"165,41",Vendedor 5
22/05/2025,TERMINAL,Smartphone,Realme,"5,874,12",Vendedor 3
22/05/2025,TERMINAL,Smartphone,OPPO,"2.027,99",Vendedor 6
22/05/2025,ABAETE Q,Smartphone,OPPO,"2.183,46",Vendedor 4
22/05/2025,ABAETE L,Acessório,Película,"217,76",Vendedor 6
22/05/2025,CIDADE NOVA,Acessório,Capa,"195,53",Vendedor 5
22/05/2025,CIDADE NOVA,Smartphone,Samsung,"1.777,62",Vendedor 2
22/05/2025,PARAUAPEBAS,Smartphone,OPPO,"2.261,21",Vendedor 5
22/05/2025,ABAETE L,Acessório,Película,"154,21",Vendedor 4
22/05/2025,PATIO 2,Smartphone,Xiaomi,"1.218,16",Vendedor 2
23/05/2025,ABAETE Q,Acessório,Fone,"357,14",Vendedor 6
23/05/2025,PATIO 2,Smartphone,Xiaomi,"2.110,56",Vendedor 4
23/05/2025,TERMINAL,Smartphone,Motorola,"1.922,29",Vendedor 5
23/05/2025,ABAETE L,Acessório,Capa,"163,75",Vendedor 4
23/05/2025,CAST Q,Smartphone,Motorola,"1.069,32",Vendedor 4
23/05/2025,TERMINAL,Smartphone,Positivo,"2.086,94",Vendedor 4
23/05/2025,MET Q,Caixa de Som,Amvox,"381,11",Vendedor 5
23/05/2025,CIDADE NOVA,Smartphone,Realme,"1.974,21",Vendedor 3
23/05/2025,PATIO 1,Acessório,Smartwatch,"398,91",Vendedor 3
23/05/2025,CIDADE NOVA,Smartphone,Realme,"1.562,43",Vendedor 2
23/05/2025,CIDADE NOVA,Smartphone,Xiaomi,"1.932,64",Vendedor 4
23/05/2025,CAST L,Caixa de Som,JBL,"625,51",Vendedor 3
23/05/2025,CASTANHAL,Smartphone,Xiaomi,"1.917,15",Vendedor 3
24/05/2025,MET L,Acessório,Fone,"164,67",Vendedor 1
24/05/2025,MET L,Smartphone,Xiaomi,"1.904,43",Vendedor 5
24/05/2025,MET L,Outros,Cabo USB,"160,64",Vendedor 1
24/05/2025,PATIO 2,Smartphone,Samsung,"1.752,71",Vendedor 6
24/05/2025,TERMINAL,Acessório,Película,"83,79",Vendedor 1
24/05/2025,PARAUAPEBAS,Smartphone,Infinix,"1.833,40",Vendedor 5
24/05/2025,ABAETE L,Smartphone,Tecno,"1.846,56",Vendedor 6
25/05/2025,CASTANHAL,Caixa de Som,Amvox,"531,90",Vendedor 3
25/05/2025,PATIO 1,Smartphone,Samsung,"1.639,25",Vendedor 3
25/05/2025,CASTANHAL,Acessório,Película,"383,60",Vendedor 1
25/05/2025,CASTANHAL,Acessório,Capa,"274,73",Vendedor 1
25/05/2025,PARAUAPEBAS,Smartphone,Infinix,"2.170,44",Vendedor 5
25/05/2025,ABAETE L,Acessório,Fone,"125,68",Vendedor 2
25/05/2025,CAST L,Smartphone,Tecno,"1.443,63",Vendedor 4
25/05/2025,TERMINAL,Acessório,Capa,"230,37",Vendedor 3
25/05/2025,CASTANHAL,Outros,Carregador Turbo,"246,09",Vendedor 6
25/05/2025,CIDADE NOVA,Caixa de Som,Amvox,"796,73",Vendedor 1
25/05/2025,PATIO 2,Acessório,Smartwatch,"280,22",Vendedor 3
25/05/2025,PATIO 1,Acessório,Capa,"188,37",Vendedor 1
26/05/2025,PARAUAPEBAS,Caixa de Som,Sumay,"615,47",Vendedor 2
26/05/2025,MET Q,Acessório,Smartwatch,"90,40",Vendedor 5
26/05/2025,CASTANHAL,Smartphone,Honor,"1.798,18",Vendedor 6
26/05/2025,ABAETE Q,Caixa de Som,Aiwa,"461,78",Vendedor 6
26/05/2025,PARAUAPEBAS,Smartphone,Xiaomi,"1.882,37",Vendedor 2
26/05/2025,MET Q,Smartphone,Infinix,"1.484,50",Vendedor 4
26/05/2025,PARAUAPEBAS,Smartphone,Motorola,"1.908,35",Vendedor 5
26/05/2025,CASTANHAL,Outros,Carregador Turbo,"243,97",Vendedor 2
26/05/2025,ABAETE L,Smartphone,Motorola,"2.029,66",Vendedor 3
27/05/2025,PARAUAPEBAS,Caixa de Som,Philips,"571,87",Vendedor 3
27/05/2025,CAST Q,Smartphone,Infinix,"1.305,43",Vendedor 1
27/05/2025,PATIO 1,Smartphone,Xiaomi,"1.246,46",Vendedor 4
27/05/2025,PARAUAPEBAS,Caixa de Som,Amvox,"423,24",Vendedor 2
27/05/2025,PARAUAPEBAS,Smartphone,Tecno,"1.437,21",Vendedor 3
27/05/2025,PATIO 1,Smartphone,Realme,"1.896,19",Vendedor 6
27/05/2025,PATIO 2,Smartphone,Honor,"1.366,84",Vendedor 2
27/05/2025,PATIO 2,Smartphone,Xiaomi,"1.713,72",Vendedor 5
27/05/2025,CAST Q,Caixa de Som,Amvox,"195,16",Vendedor 2
27/05/2025,ABAETE Q,Acessório,Capa,"59,29",Vendedor 3
28/05/2025,CAST Q,Smartphone,Realme,"2.100,83",Vendedor 6
28/05/2025,MET L,Acessório,Fone,"236,03",Vendedor 4
28/05/2025,CAST Q,Smartphone,Samsung,"1.469,96",Vendedor 5
28/05/2025,PARAUAPEBAS,Acessório,Smartwatch,"209,85",Vendedor 2
28/05/2025,MET Q,Acessório,Fone,"218,64",Vendedor 4
28/05/2025,MET Q,Smartphone,OPPO,"2.246,73",Vendedor 2
28/05/2025,CASTANHAL,Smartphone,Tecno,"1.234,92",Vendedor 3
28/05/2025,CAST Q,Smartphone,Realme,"1.982,22",Vendedor 3
28/05/2025,MET L,Acessório,Smartwatch,"269,09",Vendedor 6
29/05/2025,MET Q,Acessório,Fone,"308,27",Vendedor 4
29/05/2025,CAST L,Smartphone,Infinix,"1.547,63",Vendedor 3
29/05/2025,PARAUAPEBAS,Outros,Suporte Veicular,"73,06",Vendedor 4
29/05/2025,PARAUAPEBAS,Caixa de Som,Aiwa,"557,87",Vendedor 2
29/05/2025,MET L,Smartphone,OPPO,"1.693,57",Vendedor 3
29/05/2025,MET L,Acessório,Capa,"298,25",Vendedor 4
29/05/2025,ABAETE Q,Acessório,Smartwatch,"74,39",Vendedor 2
30/05/2025,CASTANHAL,Outros,Cabo USB,"171,54",Vendedor 2
30/05/2025,PARAUAPEBAS,Acessório,Smartwatch,"278,35",Vendedor 5
30/05/2025,CIDADE NOVA,Smartphone,Realme,"1.796,70",Vendedor 4
30/05/2025,CASTANHAL,Smartphone,Xiaomi,"2.332,17",Vendedor 5
30/05/2025,MET L,Smartphone,Xiaomi,"1.472,77",Vendedor 2
30/05/2025,PATIO 2,Smartphone,Positivo,"1.593,08",Vendedor 1
31/05/2025,TERMINAL,Acessório,Smartwatch,"206,17",Vendedor 3
31/05/2025,PATIO 2,Acessório,Smartwatch,"194,09",Vendedor 1
31/05/2025,MET Q,Smartphone,Tecno,"2.114,50",Vendedor 4
31/05/2025,PARAUAPEBAS,Acessório,Smartwatch,"308,03",Vendedor 4
31/05/2025,CAST L,Smartphone,Motorola,"1.925,55",Vendedor 3
31/05/2025,MET L,Caixa de Som,Sumay,"791,79",Vendedor 3
31/05/2025,ABAETE Q,Caixa de Som,Kimaster,"719,84",Vendedor 3
31/05/2025,CAST L,Caixa de Som,Sumay,"260,99",Vendedor 4
31/05/2025,CASTANHAL,Smartphone,Infinix,"2.003,06",Vendedor 6
31/05/2025,CAST L,Outros,Carregador Turbo,"35,82",Vendedor 5
31/05/2025,TERMINAL,Acessório,Fone,"355,49",Vendedor 5
31/05/2025,CASTANHAL,Smartphone,Tecno,"1.999,11",Vendedor 1
31/05/2025,MET L,Acessório,Fone,"120,16",Vendedor 4
31/05/2025,CASTANHAL,Caixa de Som,Kimaster,"755,14",Vendedor 4
01/06/2025,MET Q,Acessório,Película,"381,88",Vendedor 2
01/06/2025,MET Q,Smartphone,Realme,"1.019,76",Vendedor 5
01/06/2025,PATIO 2,Smartphone,OPPO,"1.581,31",Vendedor 6
01/06/2025,CAST Q,Smartphone,Samsung,"1.518,12",Vendedor 5
01/06/2025,CASTANHAL,Smartphone,Xiaomi,"894,04",Vendedor 6
01/06/2025,ABAETE Q,Acessório,Capa,"192,86",Vendedor 2
01/06/2025,MET Q,Acessório,Película,"259,63",Vendedor 1
01/06/2025,ABAETE Q,Acessório,Smartwatch,"190,68",Vendedor 5
01/06/2025,CAST Q,Smartphone,Infinix,"2.178,60",Vendedor 2
01/06/2025,ABAETE Q,Smartphone,Realme,"1.838,93",Vendedor 4
01/06/2025,TERMINAL,Acessório,Película,"338,20",Vendedor 5
01/06/2025,PARAUAPEBAS,Smartphone,Positivo,"1.043,88",Vendedor 5
01/06/2025,MET Q,Smartphone,Tecno,"1.746,66",Vendedor 4
01/06/2025,CASTANHAL,Smartphone,Positivo,"1.594,21",Vendedor 5
02/06/2025,ABAETE L,Smartphone,Positivo,"1.351,22",Vendedor 5
02/06/2025,CAST L,Acessório,Capa,"234,96",Vendedor 4
02/06/2025,ABAETE Q,Acessório,Película,"212,16",Vendedor 5
02/06/2025,MET L,Caixa de Som,Amvox,"238,31",Vendedor 6
02/06/2025,CAST Q,Smartphone,Tecno,"2.367,90",Vendedor 4
02/06/2025,CIDADE NOVA,Caixa de Som,Amvox,"666,07",Vendedor 1
02/06/2025,CIDADE NOVA,Caixa de Som,Aiwa,"453,84",Vendedor 2
02/06/2025,ABAETE L,Acessório,Fone,"101,49",Vendedor 4
02/06/2025,MET L,Acessório,Película,"179,44",Vendedor 4
02/06/2025,MET Q,Smartphone,Samsung,"1.996,79",Vendedor 5
02/06/2025,PATIO 2,Smartphone,Samsung,"1.814,54",Vendedor 5
02/06/2025,ABAETE L,Smartphone,Positivo,"1.529,98",Vendedor 1
03/06/2025,MET L,Caixa de Som,Amvox,"298,95",Vendedor 1
03/06/2025,PATIO 1,Caixa de Som,Philips,"730,15",Vendedor 1
03/06/2025,MET L,Acessório,Película,"336,99",Vendedor 6
03/06/2025,MET Q,Acessório,Capa,"330,05",Vendedor 2
03/06/2025,CIDADE NOVA,Smartphone,Xiaomi,"986,12",Vendedor 4
03/06/2025,CASTANHAL,Caixa de Som,Amvox,"512,26",Vendedor 6
03/06/2025,ABAETE Q,Smartphone,Infinix,"1.561,50",Vendedor 1
03/06/2025,PATIO 1,Smartphone,Motorola,"1.494,45",Vendedor 5
03/06/2025,MET L,Smartphone,Honor,"1.624,88",Vendedor 3
03/06/2025,TERMINAL,Smartphone,OPPO,"1,740,00",Vendedor 1
04/06/2025,PATIO 2,Smartphone,Infinix,"2.288,59",Vendedor 6
04/06/2025,PATIO 1,Acessório,Fone,"272,63",Vendedor 4
04/06/2025,MET L,Smartphone,Samsung,"2.015,83",Vendedor 2
04/06/2025,CAST L,Smartphone,Tecno,"2.135,37",Vendedor 3
04/06/2025,ABAETE Q,Smartphone,Motorola,"1.749,46",Vendedor 5
04/06/2025,CIDADE NOVA,Acessório,Película,"172,15",Vendedor 4
04/06/2025,CAST L,Smartphone,OPPO,"1.271,32",Vendedor 3
05/06/2025,CAST Q,Smartphone,Infinix,"1.674,59",Vendedor 6
05/06/2025,CIDADE NOVA,Smartphone,Realme,"1.613,22",Vendedor 2
05/06/2025,PATIO 1,Smartphone,Samsung,"1.593,83",Vendedor 3
05/06/2025,PARAUAPEBAS,Caixa de Som,Philips,"252,24",Vendedor 5
05/06/2025,ABAETE L,Acessório,Smartwatch,"169,03",Vendedor 1
05/06/2025,MET Q,Caixa de Som,Kimaster,"770,12",Vendedor 6
05/06/2025,CAST Q,Smartphone,Motorola,"1.570,20",Vendedor 2
05/06/2025,TERMINAL,Acessório,Fone,"148,06",Vendedor 5
05/06/2025,PATIO 1,Acessório,Smartwatch,"301,87",Vendedor 2
05/06/2025,MET Q,Smartphone,Positivo,"1.084,21",Vendedor 4
05/06/2025,CAST Q,Caixa de Som,Philips,"571,30",Vendedor 1
06/06/2025,CASTANHAL,Smartphone,Samsung,"1.065,11",Vendedor 5
06/06/2025,PATIO 1,Acessório,Fone,"370,70",Vendedor 4
06/06/2025,CAST L,Acessório,Película,"371,96",Vendedor 5
06/06/2025,TERMINAL,Acessório,Película,"366,84",Vendedor 2
06/06/2025,CASTANHAL,Acessório,Smartwatch,"67,78",Vendedor 2
06/06/2025,ABAETE L,Caixa de Som,Aiwa,"416,32",Vendedor 4
06/06/2025,ABAETE Q,Smartphone,Xiaomi,"1.296,86",Vendedor 6
06/06/2025,CAST Q,Smartphone,OPPO,"1.412,20",Vendedor 1
06/06/2025,CASTANHAL,Smartphone,Realme,"1.741,77",Vendedor 4
06/06/2025,PATIO 1,Acessório,Smartwatch,"352,04",Vendedor 1
06/06/2025,MET Q,Caixa de Som,Philips,"219,30",Vendedor 1
06/06/2025,CAST L,Outros,Cabo USB,"99,56",Vendedor 3
06/06/2025,ABAETE L,Smartphone,Realme,"1.947,12",Vendedor 5
06/06/2025,CIDADE NOVA,Smartphone,Samsung,"1.843,53",Vendedor 3
07/06/2025,MET L,Smartphone,Samsung,"1.886,05",Vendedor 5
07/06/2025,CAST Q,Smartphone,Motorola,"1.414,37",Vendedor 3
07/06/2025,ABAETE Q,Smartphone,Tecno,"1.424,62",Vendedor 3
07/06/2025,ABAETE Q,Smartphone,Motorola,"1.110,63",Vendedor 5
07/06/2025,CAST Q,Smartphone,Motorola,"1.617,97",Vendedor 5
07/06/2025,PATIO 1,Caixa de Som,Amvox,"307,99",Vendedor 3
08/06/2025,MET L,Smartphone,Motorola,"1.664,40",Vendedor 6
08/06/2025,CAST Q,Caixa de Som,Kimaster,"666,67",Vendedor 1
08/06/2025,CASTANHAL,Caixa de Som,Aiwa,"731,75",Vendedor 2
08/06/2025,TERMINAL,Acessório,Fone,"293,60",Vendedor 5
08/06/2025,MET Q,Smartphone,OPPO,"1.468,06",Vendedor 2
08/06/2025,MET Q,Caixa de Som,Amvox,"617,97",Vendedor 3
08/06/2025,ABAETE Q,Smartphone,Realme,"2.230,96",Vendedor 1
08/06/2025,MET L,Smartphone,Tecno,"1.873,97",Vendedor 6
09/06/2025,CASTANHAL,Caixa de Som,Kimaster,"361,79",Vendedor 6
09/06/2025,CAST Q,Smartphone,Motorola,"1.763,30",Vendedor 6
09/06/2025,CAST Q,Acessório,Smartwatch,"62,92",Vendedor 5
09/06/2025,PARAUAPEBAS,Outros,Cabo USB,"117,64",Vendedor 5
09/06/2025,TERMINAL,Smartphone,Realme,"2.112,67",Vendedor 6
09/06/2025,CASTANHAL,Outros,Cabo USB,"232,03",Vendedor 4
09/06/2025,ABAETE Q,Acessório,Película,"377,32",Vendedor 4
09/06/2025,PATIO 2,Caixa de Som,Amvox,"645,38",Vendedor 4
09/06/2025,TERMINAL,Caixa de Som,Philips,"368,98",Vendedor 1
09/06/2025,ABAETE Q,Acessório,Capa,"72,45",Vendedor 6
09/06/2025,MET Q,Caixa de Som,Philips,"678,22",Vendedor 5
09/06/2025,CIDADE NOVA,Caixa de Som,Sumay,"533,42",Vendedor 1
09/06/2025,ABAETE L,Smartphone,Realme,"1.555,75",Vendedor 4
09/06/2025,PATIO 1,Smartphone,Tecno,"1.735,52",Vendedor 3
09/06/2025,CAST Q,Caixa de Som,Aiwa,"166,79",Vendedor 4
10/06/2025,CAST L,Acessório,Smartwatch,"140,33",Vendedor 4
10/06/2025,CASTANHAL,Caixa de Som,Sumay,"724,64",Vendedor 1
10/06/2025,CASTANHAL,Acessório,Capa,"153,59",Vendedor 3
10/06/2025,CAST L,Smartphone,Infinix,"1.821,65",Vendedor 6
10/06/2025,CASTANHAL,Acessório,Fone,"237,35",Vendedor 5
10/06/2025,ABAETE L,Smartphone,Xiaomi,"1.871,66",Vendedor 2
10/06/2025,CASTANHAL,Smartphone,Positivo,"1.375,76",Vendedor 2
10/06/2025,CAST L,Smartphone,Motorola,"1.813,37",Vendedor 1
10/06/2025,CASTANHAL,Acessório,Capa,"186,28",Vendedor 3
10/06/2025,TERMINAL,Outros,Cabo USB,"35,24",Vendedor 4
11/06/2025,PATIO 2,Acessório,Película,"309,63",Vendedor 1
11/06/2025,CAST Q,Caixa de Som,Aiwa,"752,89",Vendedor 4
11/06/2025,ABAETE L,Smartphone,Xiaomi,"1.087,47",Vendedor 3
11/06/2025,MET Q,Caixa de Som,Sumay,"340,30",Vendedor 4
11/06/2025,MET L,Smartphone,Realme,"1.904,14",Vendedor 2
11/06/2025,CAST L,Smartphone,Positivo,"1.399,44",Vendedor 2
11/06/2025,CAST L,Smartphone,Positivo,"1.787,88",Vendedor 5
11/06/2025,CAST Q,Smartphone,Infinix,"1.839,05",Vendedor 4
11/06/2025,CAST Q,Smartphone,Realme,"1.800,29",Vendedor 4
11/06/2025,PATIO 1,Smartphone,Motorola,"1.922,17",Vendedor 6
11/06/2025,PARAUAPEBAS,Caixa de Som,Philips,"505,75",Vendedor 1
11/06/2025,MET L,Acessório,Fone,"98,70",Vendedor 5
12/06/2025,PATIO 1,Smartphone,OPPO,"1.905,04",Vendedor 4
12/06/2025,CASTANHAL,Outros,Cartão SD,"140,81",Vendedor 6
12/06/2025,TERMINAL,Smartphone,Motorola,"2.577,56",Vendedor 5
12/06/2025,TERMINAL,Acessório,Fone,"307,99",Vendedor 5
12/06/2025,PATIO 2,Acessório,Smartwatch,"383,99",Vendedor 6
12/06/2025,PATIO 2,Smartphone,Infinix,"1.449,84",Vendedor 1
12/06/2025,ABAETE Q,Smartphone,Realme,"1.745,08",Vendedor 6
12/06/2025,TERMINAL,Acessório,Película,"104,50",Vendedor 6
13/06/2025,CAST L,Outros,Cartão SD,"145,81",Vendedor 3
13/06/2025,CASTANHAL,Acessório,Película,"199,00",Vendedor 6
13/06/2025,MET L,Smartphone,OPPO,"1.650,57",Vendedor 2
13/06/2025,CASTANHAL,Smartphone,OPPO,"1.949,57",Vendedor 6
13/06/2025,TERMINAL,Acessório,Capa,"268,83",Vendedor 2
13/06/2025,ABAETE Q,Acessório,Capa,"328,75",Vendedor 2
13/06/2025,MET L,Smartphone,Infinix,"1.823,75",Vendedor 4
13/06/2025,ABAETE L,Smartphone,Infinix,"1.603,33",Vendedor 3
13/06/2025,PATIO 2,Smartphone,Positivo,"1.395,44",Vendedor 6
13/06/2025,ABAETE Q,Acessório,Smartwatch,"287,64",Vendedor 1
13/06/2025,CAST L,Smartphone,Samsung,"1.289,80",Vendedor 6
13/06/2025,ABAETE Q,Smartphone,Positivo,"2.112,06",Vendedor 1
14/06/2025,ABAETE Q,Smartphone,OPPO,"1.519,85",Vendedor 4
14/06/2025,CIDADE NOVA,Caixa de Som,JBL,"438,49",Vendedor 6
14/06/2025,ABAETE L,Smartphone,Honor,"1.867,05",Vendedor 1
14/06/2025,MET L,Smartphone,Realme,"1.408,02",Vendedor 2
14/06/2025,CAST L,Smartphone,Honor,"2.021,43",Vendedor 6
14/06/2025,CIDADE NOVA,Outros,Carregador Turbo,"124,62",Vendedor 6
14/06/2025,PARAUAPEBAS,Smartphone,Positivo,"1.728,83",Vendedor 3
14/06/2025,CAST Q,Acessório,Película,"165,18",Vendedor 2
14/06/2025,CASTANHAL,Smartphone,Tecno,"1.945,02",Vendedor 3
14/06/2025,TERMINAL,Smartphone,Positivo,"1.899,96",Vendedor 5
14/06/2025,CASTANHAL,Caixa de Som,Kimaster,"615,97",Vendedor 3
14/06/2025,CASTANHAL,Acessório,Película,"183,69",Vendedor 5
15/06/2025,CIDADE NOVA,Smartphone,Motorola,"1.741,34",Vendedor 2
15/06/2025,ABAETE L,Caixa de Som,Sumay,"379,53",Vendedor 6
15/06/2025,CIDADE NOVA,Caixa de Som,Kimaster,"264,43",Vendedor 1
15/06/2025,PATIO 1,Smartphone,Motorola,"1.267,83",Vendedor 6
15/06/2025,CAST Q,Smartphone,Infinix,"1.577,56",Vendedor 5
15/06/2025,CAST Q,Caixa de Som,Sumay,"760,83",Vendedor 6
15/06/2025,CAST Q,Smartphone,Tecno,"2.643,60",Vendedor 5
15/06/2025,ABAETE L,Acessório,Smartwatch,"325,41",Vendedor 5
15/06/2025,PATIO 1,Smartphone,Honor,"1.786,66",Vendedor 2
15/06/2025,MET Q,Acessório,Fone,"112,80",Vendedor 4
15/06/2025,ABAETE L,Smartphone,OPPO,"1.383,14",Vendedor 1
15/06/2025,TERMINAL,Smartphone,Positivo,"1.483,25",Vendedor 2
16/06/2025,PATIO 1,Caixa de Som,Philips,"489,27",Vendedor 4
16/06/2025,MET Q,Smartphone,OPPO,"1.250,55",Vendedor 4
16/06/2025,PARAUAPEBAS,Caixa de Som,Kimaster,"164,34",Vendedor 2
16/06/2025,ABAETE L,Acessório,Smartwatch,"229,66",Vendedor 4
16/06/2025,CASTANHAL,Outros,Suporte Veicular,"97,31",Vendedor 4
16/06/2025,ABAETE Q,Caixa de Som,Philips,"243,08",Vendedor 6
16/06/2025,CIDADE NOVA,Smartphone,Realme,"1.903,24",Vendedor 6
16/06/2025,TERMINAL,Acessório,Smartwatch,"362,76",Vendedor 2
17/06/2025,MET L,Smartphone,Samsung,"1.499,99",Vendedor 6
17/06/2025,CAST L,Smartphone,Xiaomi,"2.026,62",Vendedor 6
17/06/2025,CAST L,Smartphone,Motorola,"1.849,59",Vendedor 5
17/06/2025,CAST L,Caixa de Som,Philips,"405,24",Vendedor 1
17/06/2025,ABAETE L,Acessório,Fone,"266,30",Vendedor 6
17/06/2025,CIDADE NOVA,Smartphone,OPPO,"2.357,74",Vendedor 3
17/06/2025,CAST L,Acessório,Película,"379,31",Vendedor 6
17/06/2025,PARAUAPEBAS,Caixa de Som,Sumay,"615,12",Vendedor 3
17/06/2025,PATIO 1,Smartphone,OPPO,"1.496,05",Vendedor 5
17/06/2025,PARAUAPEBAS,Smartphone,Samsung,"1.760,46",Vendedor 3
17/06/2025,CASTANHAL,Caixa de Som,Amvox,"458,39",Vendedor 6
17/06/2025,TERMINAL,Smartphone,Xiaomi,"1.669,28",Vendedor 3
17/06/2025,PATIO 1,Smartphone,Xiaomi,"1.388,32",Vendedor 3
18/06/2025,CIDADE NOVA,Caixa de Som,JBL,"316,26",Vendedor 2
18/06/2025,MET L,Smartphone,Positivo,"1.346,31",Vendedor 1
18/06/2025,TERMINAL,Caixa de Som,Kimaster,"701,97",Vendedor 4
18/06/2025,PARAUAPEBAS,Smartphone,Realme,"1.517,22",Vendedor 5
18/06/2025,ABAETE Q,Smartphone,Honor,"2.247,03",Vendedor 2
18/06/2025,PARAUAPEBAS,Acessório,Capa,"320,58",Vendedor 2
18/06/2025,ABAETE L,Acessório,Fone,"385,15",Vendedor 3
18/06/2025,CASTANHAL,Caixa de Som,JBL,"576,30",Vendedor 4
18/06/2025,CAST L,Caixa de Som,JBL,"711,71",Vendedor 4
18/06/2025,ABAETE Q,Caixa de Som,Philips,"261,03",Vendedor 3
18/06/2025,CAST Q,Smartphone,Tecno,"1.948,87",Vendedor 2
19/06/2025,MET Q,Smartphone,Positivo,"1.856,77",Vendedor 6
19/06/2025,ABAETE L,Smartphone,Motorola,"2.047,00",Vendedor 2
19/06/2025,MET Q,Caixa de Som,Kimaster,"529,52",Vendedor 2
19/06/2025,ABAETE Q,Smartphone,Infinix,"1.706,84",Vendedor 1
19/06/2025,CIDADE NOVA,Acessório,Fone,"376,71",Vendedor 2
19/06/2025,ABAETE L,Acessório,Fone,"180,22",Vendedor 3
19/06/2025,MET Q,Acessório,Capa,"129,09",Vendedor 6
19/06/2025,MET L,Smartphone,Realme,"2.157,85",Vendedor 5
19/06/2025,CIDADE NOVA,Smartphone,OPPO,"1.688,98",Vendedor 3
19/06/2025,MET Q,Smartphone,Tecno,"1.953,81",Vendedor 1
20/06/2025,CASTANHAL,Caixa de Som,JBL,"188,15",Vendedor 1
20/06/2025,MET Q,Caixa de Som,Amvox,"393,38",Vendedor 5
20/06/2025,CAST Q,Caixa de Som,Aiwa,"367,66",Vendedor 4
20/06/2025,CIDADE NOVA,Acessório,Smartwatch,"335,49",Vendedor 4
20/06/2025,PATIO 2,Smartphone,Positivo,"1.506,79",Vendedor 5
20/06/2025,CAST L,Acessório,Capa,"123,08",Vendedor 3
20/06/2025,ABAETE L,Acessório,Fone,"74,96",Vendedor 5
20/06/2025,CAST Q,Smartphone,Xiaomi,"2.155,32",Vendedor 1
20/06/2025,PATIO 2,Caixa de Som,Aiwa,"543,55",Vendedor 3
20/06/2025,MET L,Smartphone,Xiaomi,"1.636,93",Vendedor 3
20/06/2025,PATIO 2,Smartphone,Xiaomi,"2.111,95",Vendedor 6
20/06/2025,PATIO 1,Smartphone,Samsung,"1.529,09",Vendedor 1
20/06/2025,ABAETE L,Outros,Cartão SD,"185,12",Vendedor 3
20/06/2025,ABAETE L,Outros,Cabo USB,"238,58",Vendedor 3
21/06/2025,CIDADE NOVA,Caixa de Som,Amvox,"328,44",Vendedor 4
21/06/2025,CIDADE NOVA,Acessório,Fone,"168,91",Vendedor 2
21/06/2025,PATIO 1,Smartphone,Tecno,"1.758,35",Vendedor 4
21/06/2025,ABAETE Q,Acessório,Smartwatch,"118,96",Vendedor 3
21/06/2025,ABAETE L,Smartphone,Motorola,"1.848,76",Vendedor 4
21/06/2025,CAST Q,Caixa de Som,Amvox,"348,15",Vendedor 3
21/06/2025,ABAETE L,Acessório,Smartwatch,"379,73",Vendedor 1
21/06/2025,CIDADE NOVA,Smartphone,Xiaomi,"1.451,34",Vendedor 2
21/06/2025,ABAETE L,Acessório,Película,"279,08",Vendedor 5
21/06/2025,MET Q,Smartphone,OPPO,"1.509,24",Vendedor 6
22/06/2025,MET L,Acessório,Capa,"55,87",Vendedor 5
22/06/2025,ABAETE L,Acessório,Capa,"91,91",Vendedor 2
22/06/2025,CASTANHAL,Smartphone,Xiaomi,"1.776,33",Vendedor 3
22/06/2025,CASTANHAL,Smartphone,Honor,"1.732,14",Vendedor 3
22/06/2025,CIDADE NOVA,Smartphone,Tecno,"1.820,82",Vendedor 6
22/06/2025,CIDADE NOVA,Caixa de Som,Aiwa,"293,24",Vendedor 3
22/06/2025,PATIO 1,Smartphone,Positivo,"1.617,33",Vendedor 5
22/06/2025,CAST L,Smartphone,OPPO,"1.700,57",Vendedor 1
22/06/2025,PATIO 1,Smartphone,Realme,"1.813,56",Vendedor 2
22/06/2025,CAST L,Smartphone,Motorola,"1.731,04",Vendedor 3
22/06/2025,PATIO 1,Smartphone,Infinix,"1.619,20",Vendedor 2
22/06/2025,PATIO 2,Acessório,Fone,"344,69",Vendedor 6
23/06/2025,MET L,Caixa de Som,Aiwa,"391,78",Vendedor 4
23/06/2025,CAST L,Acessório,Fone,"289,47",Vendedor 3
23/06/2025,CASTANHAL,Caixa de Som,Aiwa,"591,11",Vendedor 1
23/06/2025,CASTANHAL,Smartphone,Honor,"1.483,98",Vendedor 1
23/06/2025,CAST Q,Acessório,Película,"190,95",Vendedor 6
23/06/2025,PATIO 2,Acessório,Capa,"262,82",Vendedor 4
23/06/2025,CAST L,Smartphone,OPPO,"1.797,81",Vendedor 6
23/06/2025,MET Q,Smartphone,Motorola,"1.313,36",Vendedor 3
24/06/2025,PATIO 2,Smartphone,Positivo,"1.455,94",Vendedor 1
24/06/2025,MET Q,Outros,Cartão SD,"165,21",Vendedor 2
24/06/2025,CAST Q,Smartphone,Realme,"1.681,60",Vendedor 2
24/06/2025,MET L,Smartphone,Tecno,"1.902,28",Vendedor 6
24/06/2025,CAST Q,Acessório,Fone,"92,93",Vendedor 1
24/06/2025,PARAUAPEBAS,Acessório,Fone,"261,58",Vendedor 2
24/06/2025,CAST Q,Smartphone,Samsung,"1.621,00",Vendedor 3
24/06/2025,PARAUAPEBAS,Acessório,Película,"225,05",Vendedor 1
24/06/2025,ABAETE L,Smartphone,Tecno,"1.398,77",Vendedor 4
24/06/2025,ABAETE L,Smartphone,Infinix,"1.186,76",Vendedor 6
24/06/2025,PATIO 1,Smartphone,Motorola,"1.417,88",Vendedor 4
24/06/2025,MET Q,Smartphone,Samsung,"1.506,11",Vendedor 2
24/06/2025,MET Q,Acessório,Smartwatch,"114,95",Vendedor 3
24/06/2025,CASTANHAL,Smartphone,Infinix,"1.767,50",Vendedor 5
24/06/2025,CAST Q,Caixa de Som,Philips,"285,33",Vendedor 3
25/06/2025,MET L,Caixa de Som,Sumay,"767,77",Vendedor 3
25/06/2025,MET Q,Caixa de Som,JBL,"665,30",Vendedor 4
25/06/2025,MET L,Caixa de Som,Philips,"514,77",Vendedor 4
25/06/2025,CIDADE NOVA,Smartphone,Xiaomi,"1.606,48",Vendedor 6
25/06/2025,PATIO 2,Smartphone,Positivo,"1.884,80",Vendedor 5
25/06/2025,MET L,Acessório,Capa,"368,90",Vendedor 5
26/06/2025,PATIO 1,Smartphone,OPPO,"2.030,49",Vendedor 6
26/06/2025,CAST Q,Smartphone,Xiaomi,"1.307,89",Vendedor 4
26/06/2025,ABAETE L,Smartphone,OPPO,"1.941,41",Vendedor 5
26/06/2025,PATIO 2,Smartphone,OPPO,"1.317,50",Vendedor 5
26/06/2025,PATIO 1,Acessório,Smartwatch,"61,54",Vendedor 1
26/06/2025,CAST L,Smartphone,Honor,"1.260,55",Vendedor 5
26/06/2025,MET Q,Smartphone,Xiaomi,"1.292,56",Vendedor 3
26/06/2025,PARAUAPEBAS,Smartphone,Honor,"1.664,34",Vendedor 2
26/06/2025,ABAETE L,Caixa de Som,JBL,"518,61",Vendedor 3
27/06/2025,CAST L,Caixa de Som,Kimaster,"730,21",Vendedor 4
27/06/2025,CASTANHAL,Acessório,Película,"278,21",Vendedor 2
27/06/2025,CASTANHAL,Caixa de Som,Amvox,"637,95",Vendedor 2
27/06/2025,CASTANHAL,Caixa de Som,Sumay,"792,84",Vendedor 1
27/06/2025,CAST Q,Smartphone,Xiaomi,"1.223,01",Vendedor 6
27/06/2025,TERMINAL,Acessório,Película,"119,01",Vendedor 5
27/06/2025,CASTANHAL,Smartphone,Motorola,"1.464,24",Vendedor 6
27/06/2025,ABAETE L,Smartphone,Motorola,"1.379,44",Vendedor 6
27/06/2025,CIDADE NOVA,Smartphone,OPPO,"1.880,23",Vendedor 5
27/06/2025,CAST L,Caixa de Som,Sumay,"629,84",Vendedor 1
27/06/2025,CAST Q,Outros,Suporte Veicular,"59,36",Vendedor 3
27/06/2025,PARAUAPEBAS,Acessório,Película,"312,89",Vendedor 2
27/06/2025,MET L,Smartphone,Tecno,"1.894,79",Vendedor 3
27/06/2025,ABAETE L,Smartphone,Realme,"1.724,45",Vendedor 3
27/06/2025,PATIO 1,Caixa de Som,Sumay,"324,33",Vendedor 4
27/06/2025,PARAUAPEBAS,Smartphone,Tecno,"1.979,65",Vendedor 1
27/06/2025,CAST L,Caixa de Som,Philips,"339,89",Vendedor 2
27/06/2025,PATIO 2,Outros,Cartão SD,"141,60",Vendedor 5
28/06/2025,MET Q,Acessório,Capa,"61,23",Vendedor 6
28/06/2025,PARAUAPEBAS,Smartphone,Xiaomi,"1.818,74",Vendedor 6
28/06/2025,CASTANHAL,Smartphone,Motorola,"1.657,88",Vendedor 3
28/06/2025,PATIO 1,Acessório,Capa,"82,34",Vendedor 5
28/06/2025,PATIO 2,Smartphone,Motorola,"1.439,92",Vendedor 3
28/06/2025,PATIO 1,Smartphone,Honor,"2.245,80",Vendedor 3
28/06/2025,MET L,Acessório,Capa,"178,88",Vendedor 1
28/06/2025,PATIO 1,Smartphone,Motorola,"1.628,49",Vendedor 3
28/06/2025,PARAUAPEBAS,Smartphone,Positivo,"1.746,12",Vendedor 6
28/06/2025,ABAETE Q,Smartphone,Infinix,"2.100,49",Vendedor 5
29/06/2025,CIDADE NOVA,Caixa de Som,Sumay,"214,34",Vendedor 3
29/06/2025,MET Q,Smartphone,Motorola,"1.092,47",Vendedor 2
29/06/2025,ABAETE L,Smartphone,Xiaomi,"1.771,72",Vendedor 6
29/06/2025,PARAUAPEBAS,Caixa de Som,JBL,"716,52",Vendedor 2
29/06/2025,CASTANHAL,Caixa de Som,Aiwa,"527,85",Vendedor 4
29/06/2025,PATIO 1,Smartphone,Realme,"1.891,02",Vendedor 1
29/06/2025,ABAETE L,Acessório,Fone,"314,54",Vendedor 1
29/06/2025,CIDADE NOVA,Acessório,Smartwatch,"199,90",Vendedor 3
29/06/2025,PATIO 1,Smartphone,Motorola,"2.089,61",Vendedor 4
29/06/2025,CASTANHAL,Smartphone,OPPO,"1.651,34",Vendedor 1
29/06/2025,MET Q,Smartphone,OPPO,"1.741,24",Vendedor 2
29/06/2025,MET Q,Smartphone,Realme,"2.035,94",Vendedor 3
29/06/2025,CASTANHAL,Smartphone,Realme,"1.285,43",Vendedor 2
29/06/2025,TERMINAL,Acessório,Capa,"376,08",Vendedor 2
29/06/2025,CAST Q,Smartphone,Samsung,"1.422,13",Vendedor 3
30/06/2025,ABAETE L,Caixa de Som,Philips,"290,77",Vendedor 4
30/06/2025,CAST Q,Acessório,Capa,"82,51",Vendedor 2
30/06/2025,TERMINAL,Smartphone,Samsung,"2,847,98",Vendedor 5
30/06/2025,CAST L,Caixa de Som,Aiwa,"736,90",Vendedor 4
30/06/2025,PATIO 1,Smartphone,Positivo,"2.020,35",Vendedor 2
30/06/2025,TERMINAL,Acessório,Fone,"200,93",Vendedor 6
30/06/2025,TERMINAL,Smartphone,Samsung,"2,262,17",Vendedor 1
30/06/2025,CAST Q,Smartphone,OPPO,"2.434,79",Vendedor 3
30/06/2025,PARAUAPEBAS,Smartphone,Realme,"1.976,18",Vendedor 2
30/06/2025,MET L,Acessório,Película,"201,25",Vendedor 3
30/06/2025,CAST L,Smartphone,Samsung,"1.460,91",Vendedor 4
30/06/2025,ABAETE L,Smartphone,OPPO,"1.921,66",Vendedor 2
30/06/2025,PATIO 2,Acessório,Capa,"343,05",Vendedor 6